{
    "cam0": {
        "xcenter": 1114.2182151597553,
        "ycenter": 1262.5277844147154,
        "coeffs": [
            1.0014854456230917,
            5.509159612493664e-06,
            -1.1578814230907084e-07,
            2.5752820518855916e-11,
            4.193791691783126e-16
        ],
        "crop_params": {
            "width": 2070,
            "start_x": 1260,
            "height": 2592
        }
    },
    "cam1": {
        "xcenter": 926.3533299759179,
        "ycenter": 1252.919524105411,
        "coeffs": [
            1.0005567203819934,
            7.799070714933332e-06,
            -1.1242413914232819e-07,
            1.778601705763631e-11,
            3.2803258048180376e-15
        ],
        "crop_params": {
            "width": 2050,
            "start_x": 1400,
            "height": 2592
        }
    }
}