{
    "cam0": {
        "xcenter": 1114.2182151597553,
        "ycenter": 1262.5277844147154,
        "coeffs": [
            0.9981874886199474,
            1.0752418882733582e-05,
            -1.5674774044407984e-07,
            1.5061811325620018e-10,
            -1.4917790772619645e-13,
            7.864243104712473e-17,
            -1.643320798603953e-20
        ],
        "crop_params": {
            "width": 2070,
            "start_x": 1260,
            "height": 2592
        }
    },
    "cam1": {
        "xcenter": 926.3533299759179,
        "ycenter": 1252.919524105411,
        "coeffs": [
            1.0023543392490633,
            -2.4560291704524117e-06,
            -1.1271695116327644e-07,
            3.9087449019560164e-11,
            -1.7736004968546663e-14,
            7.786862754459496e-18,
            -1.0335848379943343e-21
        ],
        "crop_params": {
            "width": 2050,
            "start_x": 1400,
            "height": 2592
        }
    }
}